<?xml version="1.0" encoding="UTF-8"?>
<issues format="5" by="lint 4.0.1" client="gradle" variant="all" version="4.0.1">

    <issue
        id="LocaleFolder"
        message="The locale folder &quot;`id`&quot; should be called &quot;`in`&quot; instead; see the `java.util.Locale` documentation">
        <location
            file="src/main/res/values-id"/>
    </issue>

    <issue
        id="InflateParams"
        message="Avoid passing `null` as the view root (needed to resolve layout parameters on the inflated layout&apos;s root element)"
        errorLine1="    final View dialogContent = inflater.inflate(R.layout.server_notice_dialog, null);"
        errorLine2="                                                                               ~~~~">
        <location
            file="src/main/java/app/intra/ui/settings/ServerApprovalDialogFragment.java"
            line="125"
            column="80"/>
    </issue>

    <issue
        id="UseCompatLoadingForDrawables"
        message="Use `ResourcesCompat.getDrawable()`"
        errorLine1="    Drawable leftChevron = getResources().getDrawable(R.drawable.ic_chevron_left);"
        errorLine2="                           ~~~~~~~~~~~~~~~~~~~~~~~~~~~~~~~~~~~~~~~~~~~~~~~~~~~~~~">
        <location
            file="src/main/java/app/intra/ui/IntroDialog.java"
            line="70"
            column="28"/>
    </issue>

    <issue
        id="UseCompatLoadingForDrawables"
        message="Use `ResourcesCompat.getDrawable()`"
        errorLine1="    Drawable rightChevron = getResources().getDrawable(R.drawable.ic_chevron_right);"
        errorLine2="                            ~~~~~~~~~~~~~~~~~~~~~~~~~~~~~~~~~~~~~~~~~~~~~~~~~~~~~~~">
        <location
            file="src/main/java/app/intra/ui/IntroDialog.java"
            line="71"
            column="29"/>
    </issue>

    <issue
        id="Typos"
        message="&quot;Packet&quot; is a common misspelling; did you mean &quot;Paket&quot; ?"
        errorLine1="  &lt;string name=&quot;description2&quot;>Großer globaler Resolver von IBM und Packet Clearinghouse. Blockt bösartige Domains.&lt;/string>"
        errorLine2="                                                                   ^">
        <location
            file="src/main/res/values-de/servers.xml"
            line="5"
            column="68"/>
    </issue>

    <issue
        id="Typos"
        message="Repeated word &quot;die&quot; in message: possible typo"
        errorLine1="  &lt;string name=&quot;description13&quot;>Betrieben von einer deutsch-schweizerischen Gesellschaft, die die Grundrechte im digitalen Raum verteidigt. Dazu werden Server in der Schweiz, in Deutschland oder in Österreich verwendet.&lt;/string>"
        errorLine2="                                                                                         ^">
        <location
            file="src/main/res/values-de/servers.xml"
            line="16"
            column="90"/>
    </issue>

    <issue
        id="AllowBackup"
        message="On SDK version 23 and up, your app data will be automatically backed up, and restored on app install. Your GCM regid will not work across restores, so you must ensure that it is excluded from the back-up set. Use the attribute `android:fullBackupContent` to specify an `@xml` resource which configures which files to backup. More info: https://developer.android.com/training/backup/autosyncapi.html"
        errorLine1="    &lt;application"
        errorLine2="     ~~~~~~~~~~~">
        <location
            file="src/main/AndroidManifest.xml"
            line="11"
            column="6"/>
    </issue>

    <issue
        id="Overdraw"
        message="Possible overdraw: Root element paints background `@color/floating` with a theme that also paints a background (inferred theme is `@style/AppTheme`)"
        errorLine1="    android:background=&quot;@color/floating&quot;>"
        errorLine2="    ~~~~~~~~~~~~~~~~~~~~~~~~~~~~~~~~~~~~">
        <location
            file="src/main/res/layout/transaction_row.xml"
            line="13"
            column="5"/>
    </issue>

    <issue
        id="TypographyEllipsis"
        message="Replace &quot;...&quot; with ellipsis character (…, &amp;#8230;) ?"
        errorLine1="  &lt;string name=&quot;status_starting&quot;>กำลังเริ่มต้น...&lt;/string>"
        errorLine2="                                 ^">
        <location
            file="src/main/res/values-th/strings.xml"
            line="32"
            column="34"/>
    </issue>

    <issue
        id="IconLocation"
        message="Found bitmap drawable `res/drawable/logo_backdrop.png` in densityless folder">
        <location
            file="src/main/res/drawable/logo_backdrop.png"/>
    </issue>

</issues>
